<?xml version="1.0" encoding="UTF-8" standalone="yes"?>
<a:clrScheme xmlns:a="http://schemas.openxmlformats.org/drawingml/2006/main" name="HiSlide - ocean wave"><a:dk1><a:srgbClr val="545B63"/></a:dk1><a:lt1><a:srgbClr val="FFFFFF"/></a:lt1><a:dk2><a:srgbClr val="7F8998"/></a:dk2><a:lt2><a:srgbClr val="EEF0F4"/></a:lt2><a:accent1><a:srgbClr val="008EB1"/></a:accent1><a:accent2><a:srgbClr val="00A0B1"/></a:accent2><a:accent3><a:srgbClr val="02C1AC"/></a:accent3><a:accent4><a:srgbClr val="00D1AB"/></a:accent4><a:accent5><a:srgbClr val="00E3A6"/></a:accent5><a:accent6><a:srgbClr val="00A0B1"/></a:accent6><a:hlink><a:srgbClr val="008EB1"/></a:hlink><a:folHlink><a:srgbClr val="00D1AB"/></a:folHlink></a:clrScheme>