<?xml version="1.0" encoding="UTF-8" standalone="yes"?>
<a:clrScheme xmlns:a="http://schemas.openxmlformats.org/drawingml/2006/main" name="HiSlide - eco life"><a:dk1><a:srgbClr val="545B63"/></a:dk1><a:lt1><a:srgbClr val="FFFFFF"/></a:lt1><a:dk2><a:srgbClr val="7F8998"/></a:dk2><a:lt2><a:srgbClr val="EEF0F4"/></a:lt2><a:accent1><a:srgbClr val="059145"/></a:accent1><a:accent2><a:srgbClr val="30A345"/></a:accent2><a:accent3><a:srgbClr val="4FAF47"/></a:accent3><a:accent4><a:srgbClr val="77C145"/></a:accent4><a:accent5><a:srgbClr val="9BCD48"/></a:accent5><a:accent6><a:srgbClr val="059145"/></a:accent6><a:hlink><a:srgbClr val="4FAF47"/></a:hlink><a:folHlink><a:srgbClr val="9BCD48"/></a:folHlink></a:clrScheme>