<?xml version="1.0" encoding="UTF-8" standalone="yes"?>
<a:clrScheme xmlns:a="http://schemas.openxmlformats.org/drawingml/2006/main" name="Main Theme"><a:dk1><a:srgbClr val="000000"/></a:dk1><a:lt1><a:srgbClr val="FFFFFF"/></a:lt1><a:dk2><a:srgbClr val="FFFFFF"/></a:dk2><a:lt2><a:srgbClr val="FFFFFF"/></a:lt2><a:accent1><a:srgbClr val="4177C9"/></a:accent1><a:accent2><a:srgbClr val="4177C9"/></a:accent2><a:accent3><a:srgbClr val="F9FAFD"/></a:accent3><a:accent4><a:srgbClr val="8CADDE"/></a:accent4><a:accent5><a:srgbClr val="B3C8E9"/></a:accent5><a:accent6><a:srgbClr val="2E2E2E"/></a:accent6><a:hlink><a:srgbClr val="2E2E2E"/></a:hlink><a:folHlink><a:srgbClr val="4177C9"/></a:folHlink></a:clrScheme>