<?xml version="1.0" encoding="UTF-8" standalone="yes"?>
<a:clrScheme xmlns:a="http://schemas.openxmlformats.org/drawingml/2006/main" name="Orange theme"><a:dk1><a:srgbClr val="000000"/></a:dk1><a:lt1><a:srgbClr val="FFFFFF"/></a:lt1><a:dk2><a:srgbClr val="FFFFFF"/></a:dk2><a:lt2><a:srgbClr val="FFFFFF"/></a:lt2><a:accent1><a:srgbClr val="FE3000"/></a:accent1><a:accent2><a:srgbClr val="FE3000"/></a:accent2><a:accent3><a:srgbClr val="F2F2F2"/></a:accent3><a:accent4><a:srgbClr val="FFAB98"/></a:accent4><a:accent5><a:srgbClr val="FFD5CB"/></a:accent5><a:accent6><a:srgbClr val="2E2E2E"/></a:accent6><a:hlink><a:srgbClr val="2E2E2E"/></a:hlink><a:folHlink><a:srgbClr val="FE3000"/></a:folHlink></a:clrScheme>