<?xml version="1.0" encoding="UTF-8" standalone="yes"?>
<a:clrScheme xmlns:a="http://schemas.openxmlformats.org/drawingml/2006/main" name="BI - grass"><a:dk1><a:srgbClr val="000000"/></a:dk1><a:lt1><a:srgbClr val="FEFFFF"/></a:lt1><a:dk2><a:srgbClr val="000000"/></a:dk2><a:lt2><a:srgbClr val="FEFFFF"/></a:lt2><a:accent1><a:srgbClr val="F0F4F7"/></a:accent1><a:accent2><a:srgbClr val="C3CBD0"/></a:accent2><a:accent3><a:srgbClr val="AFC96C"/></a:accent3><a:accent4><a:srgbClr val="96BD65"/></a:accent4><a:accent5><a:srgbClr val="7BAB5F"/></a:accent5><a:accent6><a:srgbClr val="588D55"/></a:accent6><a:hlink><a:srgbClr val="7BAB5F"/></a:hlink><a:folHlink><a:srgbClr val="588D55"/></a:folHlink></a:clrScheme>