<?xml version="1.0" encoding="UTF-8" standalone="yes"?>
<a:clrScheme xmlns:a="http://schemas.openxmlformats.org/drawingml/2006/main" name="BI - orange"><a:dk1><a:srgbClr val="000000"/></a:dk1><a:lt1><a:srgbClr val="FEFFFF"/></a:lt1><a:dk2><a:srgbClr val="000000"/></a:dk2><a:lt2><a:srgbClr val="FEFFFF"/></a:lt2><a:accent1><a:srgbClr val="F0F4F7"/></a:accent1><a:accent2><a:srgbClr val="C3CBD0"/></a:accent2><a:accent3><a:srgbClr val="D9AD5A"/></a:accent3><a:accent4><a:srgbClr val="D99E56"/></a:accent4><a:accent5><a:srgbClr val="D4764C"/></a:accent5><a:accent6><a:srgbClr val="D1694E"/></a:accent6><a:hlink><a:srgbClr val="D4764C"/></a:hlink><a:folHlink><a:srgbClr val="D9AD5A"/></a:folHlink></a:clrScheme>