<?xml version="1.0" encoding="UTF-8" standalone="yes"?>
<a:clrScheme xmlns:a="http://schemas.openxmlformats.org/drawingml/2006/main" name="BI - wave"><a:dk1><a:srgbClr val="000000"/></a:dk1><a:lt1><a:srgbClr val="FEFFFF"/></a:lt1><a:dk2><a:srgbClr val="000000"/></a:dk2><a:lt2><a:srgbClr val="FEFFFF"/></a:lt2><a:accent1><a:srgbClr val="F0F4F7"/></a:accent1><a:accent2><a:srgbClr val="C3CBD0"/></a:accent2><a:accent3><a:srgbClr val="8EE1D6"/></a:accent3><a:accent4><a:srgbClr val="6BACD1"/></a:accent4><a:accent5><a:srgbClr val="A282CE"/></a:accent5><a:accent6><a:srgbClr val="C14CCA"/></a:accent6><a:hlink><a:srgbClr val="6BACD1"/></a:hlink><a:folHlink><a:srgbClr val="A282CE"/></a:folHlink></a:clrScheme>