<?xml version="1.0" encoding="UTF-8" standalone="yes"?>
<a:clrScheme xmlns:a="http://schemas.openxmlformats.org/drawingml/2006/main" name="BI - blue"><a:dk1><a:srgbClr val="000000"/></a:dk1><a:lt1><a:srgbClr val="FEFFFF"/></a:lt1><a:dk2><a:srgbClr val="000000"/></a:dk2><a:lt2><a:srgbClr val="FEFFFF"/></a:lt2><a:accent1><a:srgbClr val="F0F4F7"/></a:accent1><a:accent2><a:srgbClr val="C3CBD0"/></a:accent2><a:accent3><a:srgbClr val="3BEFF4"/></a:accent3><a:accent4><a:srgbClr val="77C2E1"/></a:accent4><a:accent5><a:srgbClr val="5B95C8"/></a:accent5><a:accent6><a:srgbClr val="3070BA"/></a:accent6><a:hlink><a:srgbClr val="3070BA"/></a:hlink><a:folHlink><a:srgbClr val="77C2E1"/></a:folHlink></a:clrScheme>